Well,Sample,Mutant,Media,BioRep,TechRep
A1,WT_YPD,WT,YPD,1,1
A2,WT_YPD,WT,YPD,1,2
A3,WT_YPD_Aux,WT,YPD_Aux,1,1
A4,WT_YPD_Aux,WT,YPD_Aux,1,2
A7,WT_YPD,WT,YPD,2,1
A8,WT_YPD,WT,YPD,2,2
A9,WT_YPD_Aux,WT,YPD_Aux,2,1
A10,WT_YPD_Aux,WT,YPD_Aux,2,2
B1,Ctr9-AID + osTIR_YPD,Ctr9-AID + osTIR,YPD,1,1
B2,Ctr9-AID + osTIR_YPD,Ctr9-AID + osTIR,YPD,1,2
B3,Ctr9-AID + osTIR_YPD_Aux,Ctr9-AID + osTIR,YPD_Aux,1,1
B4,Ctr9-AID + osTIR_YPD_Aux,Ctr9-AID + osTIR,YPD_Aux,1,2
B7,Cdc73-AID + osTIR_YPD,Cdc73-AID + osTIR,YPD,2,1
B8,Cdc73-AID + osTIR_YPD,Cdc73-AID + osTIR,YPD,2,2
B9,Cdc73-AID + osTIR_YPD_Aux,Cdc73-AID + osTIR,YPD_Aux,2,1
B10,Cdc73-AID + osTIR_YPD_Aux,Cdc73-AID + osTIR,YPD_Aux,2,2
C1,Ctr9-AID - osTIR_YPD,Ctr9-AID - osTIR,YPD,1,1
C2,Ctr9-AID - osTIR_YPD,Ctr9-AID - osTIR,YPD,1,2
C3,Ctr9-AID - osTIR_YPD_Aux,Ctr9-AID - osTIR,YPD_Aux,1,1
C4,Ctr9-AID - osTIR_YPD_Aux,Ctr9-AID - osTIR,YPD_Aux,1,2
C7,Cdc73-AID - osTIR_YPD,Cdc73-AID - osTIR,YPD,2,1
C8,Cdc73-AID - osTIR_YPD,Cdc73-AID - osTIR,YPD,2,2
C9,Cdc73-AID - osTIR_YPD_Aux,Cdc73-AID - osTIR,YPD_Aux,2,1
C10,Cdc73-AID - osTIR_YPD_Aux,Cdc73-AID - osTIR,YPD_Aux,2,2
D1,ctr9_ _YPD,ctr9_ ,YPD,1,1
D2,ctr9_ _YPD,ctr9_ ,YPD,1,2
D3,ctr9_ _YPD_Aux,ctr9_ ,YPD_Aux,1,1
D4,ctr9_ _YPD_Aux,ctr9_ ,YPD_Aux,1,2
D7,cdc73_ _YPD,cdc73_ ,YPD,2,1
D8,cdc73_ _YPD,cdc73_ ,YPD,2,2
D9,cdc73_ _YPD_Aux,cdc73_ ,YPD_Aux,2,1
D10,cdc73_ _YPD_Aux,cdc73_ ,YPD_Aux,2,2
E1,Blank_YPD,Blank,YPD,1,1
E2,Blank_YPD,Blank,YPD,1,2
E3,Blank_YPD,Blank,YPD,1,3
E4,Blank_YPD,Blank,YPD,1,4
E7,Blank_YPD,Blank,YPD,1,5
E8,Blank_YPD,Blank,YPD,1,6
E9,Blank_YPD,Blank,YPD,1,7
E10,Blank_YPD,Blank,YPD,1,8
F1,Cdc73-AID + osTIR_YPD,Cdc73-AID + osTIR,YPD,1,1
F2,Cdc73-AID + osTIR_YPD,Cdc73-AID + osTIR,YPD,1,2
F3,Cdc73-AID + osTIR_YPD_Aux,Cdc73-AID + osTIR,YPD_Aux,1,1
F4,Cdc73-AID + osTIR_YPD_Aux,Cdc73-AID + osTIR,YPD_Aux,1,2
F7,Ctr9-AID + osTIR_YPD,Ctr9-AID + osTIR,YPD,2,1
F8,Ctr9-AID + osTIR_YPD,Ctr9-AID + osTIR,YPD,2,2
F9,Ctr9-AID + osTIR_YPD_Aux,Ctr9-AID + osTIR,YPD_Aux,2,1
F10,Ctr9-AID + osTIR_YPD_Aux,Ctr9-AID + osTIR,YPD_Aux,2,2
G1,Cdc73-AID - osTIR_YPD,Cdc73-AID - osTIR,YPD,1,1
G2,Cdc73-AID - osTIR_YPD,Cdc73-AID - osTIR,YPD,1,2
G3,Cdc73-AID - osTIR_YPD_Aux,Cdc73-AID - osTIR,YPD_Aux,1,1
G4,Cdc73-AID - osTIR_YPD_Aux,Cdc73-AID - osTIR,YPD_Aux,1,2
G7,Ctr9-AID - osTIR_YPD,Ctr9-AID - osTIR,YPD,2,1
G8,Ctr9-AID - osTIR_YPD,Ctr9-AID - osTIR,YPD,2,2
G9,Ctr9-AID - osTIR_YPD_Aux,Ctr9-AID - osTIR,YPD_Aux,2,1
G10,Ctr9-AID - osTIR_YPD_Aux,Ctr9-AID - osTIR,YPD_Aux,2,2
H1,cdc73_ _YPD,cdc73_ ,YPD,1,1
H2,cdc73_ _YPD,cdc73_ ,YPD,1,2
H3,cdc73_ _YPD_Aux,cdc73_ ,YPD_Aux,1,1
H4,cdc73_ _YPD_Aux,cdc73_ ,YPD_Aux,1,2
H7,ctr9_ _YPD,ctr9_ ,YPD,2,1
H8,ctr9_ _YPD,ctr9_ ,YPD,2,2
H9,ctr9_ _YPD_Aux,ctr9_ ,YPD_Aux,2,1
H10,ctr9_ _YPD_Aux,ctr9_ ,YPD_Aux,2,2