Plate_Num,Well,Mutant,Media,Target,BioRep,TechRep
4,A1,WT,YPD,WT,7,1
4,A2,WT,YPD,WT,7,2
4,A3,WT,YPD,WT,7,3
4,A4,WT,YPD_Aux,WT,7,1
4,A5,WT,YPD_Aux,WT,7,2
4,A6,WT,YPD_Aux,WT,7,3
4,A7,WT,YPD,WT,8,1
4,A8,WT,YPD,WT,8,2
4,A9,WT,YPD,WT,8,3
4,A10,WT,YPD_Aux,WT,8,1
4,A11,WT,YPD_Aux,WT,8,2
4,A12,WT,YPD_Aux,WT,8,3
4,B1,Ctr9-AID-osTIR,YPD,Ctr9,3,1
4,B2,Ctr9-AID-osTIR,YPD,Ctr9,3,2
4,B3,Ctr9-AID-osTIR,YPD,Ctr9,3,3
4,B4,Ctr9-AID-osTIR,YPD_Aux,Ctr9,3,1
4,B5,Ctr9-AID-osTIR,YPD_Aux,Ctr9,3,2
4,B6,Ctr9-AID-osTIR,YPD_Aux,Ctr9,3,3
4,B7,Leo1-AID-osTIR,YPD,Leo1,1,1
4,B8,Leo1-AID-osTIR,YPD,Leo1,1,2
4,B9,Leo1-AID-osTIR,YPD,Leo1,1,3
4,B10,Leo1-AID-osTIR,YPD_Aux,Leo1,1,1
4,B11,Leo1-AID-osTIR,YPD_Aux,Leo1,1,2
4,B12,Leo1-AID-osTIR,YPD_Aux,Leo1,1,3
4,C1,Ctr9-AID,YPD,Ctr9,3,1
4,C2,Ctr9-AID,YPD,Ctr9,3,2
4,C3,Ctr9-AID,YPD,Ctr9,3,3
4,C4,Ctr9-AID,YPD_Aux,Ctr9,3,1
4,C5,Ctr9-AID,YPD_Aux,Ctr9,3,2
4,C6,Ctr9-AID,YPD_Aux,Ctr9,3,3
4,C7,Leo1-AID,YPD,Leo1,1,1
4,C8,Leo1-AID,YPD,Leo1,1,2
4,C9,Leo1-AID,YPD,Leo1,1,3
4,C10,Leo1-AID,YPD_Aux,Leo1,1,1
4,C11,Leo1-AID,YPD_Aux,Leo1,1,2
4,C12,Leo1-AID,YPD_Aux,Leo1,1,3
4,D1,ctr9D,YPD,Ctr9,3,1
4,D2,ctr9D,YPD,Ctr9,3,2
4,D3,ctr9D,YPD,Ctr9,3,3
4,D4,ctr9D,YPD_Aux,Ctr9,3,1
4,D5,ctr9D,YPD_Aux,Ctr9,3,2
4,D6,ctr9D,YPD_Aux,Ctr9,3,3
4,D7,leo1D,YPD,Leo1,1,1
4,D8,leo1D,YPD,Leo1,1,2
4,D9,leo1D,YPD,Leo1,1,3
4,D10,leo1D,YPD_Aux,Leo1,1,1
4,D11,leo1D,YPD_Aux,Leo1,1,2
4,D12,leo1D,YPD_Aux,Leo1,1,3
4,E1,Leo1-AID-osTIR,YPD,Leo1,2,1
4,E2,Leo1-AID-osTIR,YPD,Leo1,2,2
4,E3,Leo1-AID-osTIR,YPD,Leo1,2,3
4,E4,Leo1-AID-osTIR,YPD_Aux,Leo1,2,1
4,E5,Leo1-AID-osTIR,YPD_Aux,Leo1,2,2
4,E6,Leo1-AID-osTIR,YPD_Aux,Leo1,2,3
4,E7,Ctr9-AID-osTIR,YPD,Ctr9,4,1
4,E8,Ctr9-AID-osTIR,YPD,Ctr9,4,2
4,E9,Ctr9-AID-osTIR,YPD,Ctr9,4,3
4,E10,Ctr9-AID-osTIR,YPD_Aux,Ctr9,4,1
4,E11,Ctr9-AID-osTIR,YPD_Aux,Ctr9,4,2
4,E12,Ctr9-AID-osTIR,YPD_Aux,Ctr9,4,3
4,F1,Leo1-AID,YPD,Leo1,2,1
4,F2,Leo1-AID,YPD,Leo1,2,2
4,F3,Leo1-AID,YPD,Leo1,2,3
4,F4,Leo1-AID,YPD_Aux,Leo1,2,1
4,F5,Leo1-AID,YPD_Aux,Leo1,2,2
4,F6,Leo1-AID,YPD_Aux,Leo1,2,3
4,F7,Ctr9-AID,YPD,Ctr9,4,1
4,F8,Ctr9-AID,YPD,Ctr9,4,2
4,F9,Ctr9-AID,YPD,Ctr9,4,3
4,F10,Ctr9-AID,YPD_Aux,Ctr9,4,1
4,F11,Ctr9-AID,YPD_Aux,Ctr9,4,2
4,F12,Ctr9-AID,YPD_Aux,Ctr9,4,3
4,G1,leo1D,YPD,Leo1,2,1
4,G2,leo1D,YPD,Leo1,2,2
4,G3,leo1D,YPD,Leo1,2,3
4,G4,leo1D,YPD_Aux,Leo1,2,1
4,G5,leo1D,YPD_Aux,Leo1,2,2
4,G6,leo1D,YPD_Aux,Leo1,2,3
4,G7,ctr9D,YPD,Ctr9,4,1
4,G8,ctr9D,YPD,Ctr9,4,2
4,G9,ctr9D,YPD,Ctr9,4,3
4,G10,ctr9D,YPD_Aux,Ctr9,4,1
4,G11,ctr9D,YPD_Aux,Ctr9,4,2
4,G12,ctr9D,YPD_Aux,Ctr9,4,3
4,H1,Blank,YPD,Blank,4,1
4,H2,Blank,YPD,Blank,4,2
4,H3,Blank,YPD,Blank,4,3
4,H4,Blank,YPD_Aux,Blank,4,4
4,H5,Blank,YPD_Aux,Blank,4,5
4,H6,Blank,YPD_Aux,Blank,4,6
4,H7,Blank,YPD,Blank,4,7
4,H8,Blank,YPD,Blank,4,8
4,H9,Blank,YPD,Blank,4,9
4,H10,Blank,YPD_Aux,Blank,4,10
4,H11,Blank,YPD_Aux,Blank,4,11
4,H12,Blank,YPD_Aux,Blank,4,12